{
    "Format": "1.28.0",
    "Changes": [
      {
        "Action": "Include",
        "FromFile": "assets/Dialogues/Dialogue.json",
        "LogName": "Sterling's Dialogue Pack"
      },
      {
        "Action": "Include",
        "FromFile": "assets/Dialogues/SpeechBubbles.json",
        "LogName": "Sterling's Speech Bubbles Pack"
      },
      {
        "Action": "Include",
        "FromFile": "assets/Data/Mail.json",
        "LogName": "Sterling's Mail Pack"
      },
      {
        "LogName": "Sterling Translations",
        "Action": "Include",
        "FromFile": "Locale/{{language}}/content.json",
        "When": {
          "HasFile:{{FromFile}}": true
        },
      },
    ]
  }